CODE,DESCRIPTION,UNIT,VEN,PRICE ,"FY17/18
PLAN QTY","MORBIDITY 
EST. QTY",NATIONAL AVERAGE,CONSUMPTION EST QTY.,"FY18/19
PLAN QTY"
301007,"PGA G2/0 SL 75CM,1/2 CIRCLE, TF, 30MM",12,V,76100,1,2,1,2,10
220029,ALBENDAZOLE 400MG TABLET,500,V,6000,NA,NA,NA,NA,2
220030,AMITRIPTYLINE 25MG TABLET,1000,V,19450,2,NA,NA,NA,2
220034,AMOXICILLIN 250MG CAPSULE,1000,V,46150,30,47,26,11,36
220070,AMOXICILLIN DISPERSABLE TABLETS 250MG,100,V,7200,14,NA,NA,NA,24
220922,BENZHEXOL 5MG TABLET,100,V,16550,2,1,1,3,1
220100,CARBAMAZEPINE 200MG TABLET,1000,V,50650,NA,NA,NA,NA,7
220162,CIPROFLOXACIN 500MG TABLET,100,V,9150,30,11,26,10,55
205068,CO-PACKAGED ORS AND ZINC TABLETS,1,V,1800,30,105,74,124,157
220185,COTRIMOXAZOLE 480MG TABLET,1000,V,20350,15,NA,NA,NA,15
220800,DAPSONE 100MG TABLET,1000,V,34050,1,NA,NA,NA,1
220435,DIAZEPAM 5 MG TABLET,1000,V,16600,NA,NA,NA,NA,1
351053,DISPENSING ENVELOPES  PLASTIC 75X110MM,500,V,7050,20,NA,NA,NA,23
220222,DOXYCYCLINE CAPSULES,100,V,3800,10,49,21,28,26
220235,ERYTHROMYCIN STEARATE 250MG TABLET,1000,V,109150,5,3,1,1,1
220255,FERROUS SULPHATE/FUMARATE 150-200 MG+FOLIC ACID 0.25 -0.4MG TAB,1000,V,8600,10,9,9,10,50
220862,FLUOXETINE CAP 20MG,100,V,3800,NA,NA,NA,NA,0
220303,HALOPERIDOL TABLETS 10MG,100,V,16250,1,1,2,1,10
220403,METFORMIN HCL 500MG TABLET,100,V,2950,10,40,22,39,5
220415,METRONIDAZOLE 200MG,1000,V,15400,10,48,18,11,31
205081,METRONIDAZOLE SUSPENSION 100MG/5ML 100ML BOTTLE   ,1,V,1600,0,NA,NA,NA,1
220556,OMEPRAZOLE 20MG CAPSULES,100,V,3300,15,NA,NA,NA,29
220470,PHENOBARBITAL 30MG TABLET,1000,V,11350,2,1,2,1,1
220480,PHENYTOIN SODIUM 100MG TABLET,1000,V,89450,2,3,2,2,2
220540,PYRIMETHAMINE 25MG+SULFADOXINE 500MG TABLET,1000,V,108000,1,1,1,1,3
220850,VITAMIN A (RETINOL) 200.000 I U CAPSULE,1000,V,195100,0,0,0,0,1
220860,VITAMIN B COMPLEX TABLET,1000,V,3400,10,NA,NA,NA,2
220050,ATENOLOL 100 MG TABLET,1000,V,24500,1,0,1,0,1
215025,AMPICILLIN 500MG POWDER FOR RECONSTITUTION IV/IM/INFUSION,100,V,37700,NA,NA,NA,NA,1
217074,ANTI-RABIES HUMAN IMMUNOGLOBULINE 300IU/2ML       ,2,V,301350,NA,NA,NA,NA,5
220182,ARTESUNATE SUPPOSITORIES 200MG,6,V,23100,NA,NA,NA,NA,0
220181,ARTESUNATE SUPPOSITORIES 50MG,6,V,16100,NA,NA,NA,NA,0
215451,"BUPIVACAINE HCL 0.5% IN DEXTROSE 8.0% INJ SOLUTION, 4ML AMPOULE, SPINAL  ",20,V,128350,1,0,1,1,0
215437,"CALCIUM GLUCONATE INJECTION, 10%, 10ML VIAL",1,V,8650,0,NA,NA,NA,0
215051,CEFTRIAXONE SODIUM  1G POWDER FOR INJECTION,1,V,1000,250,4500,336,1002,3351
215016,"DEXAMETHASONE 4MG/ML 1ML,2ML AMPOULE",100,V,80300,0,NA,NA,NA,1
215135,DIAZEPAM 10MG/2ML INJ IM/SLOW IV/IV INFUSION,100,V,32000,1,1,1,1,1
215153,DICLOFENAC SODIUM 75MG/3ML INJECTION,100,V,12450,3,3,3,4,2
215166,EPHEDRINE 30MG/ML 1 ML AMPOULE             ,10,V,34800,NA,NA,NA,NA,1
215165,EPINEPHRINE (ADRENALINE) 1MG/ML INJ IV/IM/SC,100,V,62100,1,1,1,0,1
215190,FUROSEMIDE 20MG/2ML INJ IM/SLOW IV/IVINF,100,V,19750,0,0,1,1,1
215205,GENTAMYCIN 80MG/2ML INJ IV/IM,100,V,13750,3,0,4,0,3
216025,GLUCOSE (DEXTROSE) 5% INFUSION 500ML,24,V,35650,2,6,4,6,3
216030,GLUCOSE 50% INJECTION 100ML,1,V,1550,2,17,10,15,5
215019,HYDRALAZINE INJECTION 20MG/ML,5,V,27550,1,2,1,0,1
215225,HYDROCORTISONE SODIUM PHOSPHATE 100MG INJECTION,50,V,61300,1,3,1,2,1
215244,INSULIN ISOPHANE HUMAN 100IU/ML INJ SC,1,V,13800,0,NA,NA,NA,0
215240,INSULIN MIXTARD HUMAN 100IU/ML ,1,V,16550,1,29,9,28,10
215236,"INSULIN SOLUBLE, NEUTRAL, HUMAN 100IU/ML INJ SC",1,V,16400,1,5,3,5,10
211300,KETAMINE 500MG/10ML INJECTION IV/IM,5,V,13150,1,2,3,3,1
211305,LIDOCAINE HCL 2% INJECTION,1,V,1700,30,179,28,55,50
211320,"LIGNOCAINE 5% IN DEXTROSE INJ, SPINAL  ",1,V,3850,5,NA,NA,NA,25
215334,MAGNESIUM SULPHATE 50%  5ML INJ                   ,1,V,2500,0,37,3,6,5
215360,METRONIDAZOLE 500MG/100ML INFUSION,1,V,900,30,308,60,277,122
211322,NALOXONE 0.4MG/ML 1ML AMPOULE                        ,10,V,163800,1,NA,NA,NA,0
215380,OXYTOCIN 10IU/1ML INJECTION,100,V,21000,1,2,2,2,1
215045,PENICILLIN. BENZYL 1MU/600MG INJ (PFR) IM,10,V,2950,10,NA,NA,NA,8
223023,PETHIDINE 100MG/2ML INJ IV/IM/SC,10,V,24400,1,2,2,2,2
215023,PHENOBARBITAL 200MG/2ML INJECTION                       ,10,V,130700,NA,NA,NA,NA,1
217070,RABIES VACCINE + SOLVENT 0.5ML INJ 1 DOSE,1,V,27000,10,9,7,12,20
216080,SODIUM CHLORIDE/NORMAL SALINE 0.9% INFUSION,24,V,32700,7,10,8,10,5
211475,SUXAMETHONIUM CHLORIDE 100MG/2ML INJECTION,100,V,194600,0,0,0,0,0
217085,TETANUS ANTITOXIN 1500IU INJECTION,1,V,10150,0,0,1,0,10
211485,THIOPENTAL SODIUM 500MG AMPOULE,50,V,316800,NA,NA,NA,NA,0
216510,WATER FOR INJECTION 10ML,100,V,8650,5,64,8,15,27
202064,TETRACYCLINE 1% EYE OINTMENT,1,V,1150,100,147,71,167,93
220175,CLOTRIMAZOLE 100MG PESSARY,6,V,850,50,NA,NA,NA,41
220177,DIAZEPAM 2.5MG SUPPOSITORIES                      ,5,V,19000,0,NA,NA,NA,1
211015,HALOTHANE INHALATION 250ML,1,V,106700,0,0,0,0,0
205045,SALBUTAMOL INHALATION 100MCG/DOSE 200 DOSES,1,V,4800,NA,NA,NA,NA,1
308310,AD SYRINGES 10ML+ NEEDLE DISP. DETACHED,100,V,25850,5,10,3,3,12
308302,AD SYRINGES 2ML+ NEEDLE DISP. DETACHED,100,V,18950,10,80,10,30,15
308305,AD SYRINGES 5ML+ NEEDLE DISP. DETACHED,100,V,20150,10,109,13,30,21
302623,"CANNULA I.V, WITH INJ. PORT & STOPPER 24G, 1.9MM",100,V,39750,2,1,2,0,2
302618,"CANNULA IV 18G WITH INJ. PORT & STOPPER, 1.2MM",100,V,37900,0,3,1,1,2
311242,"NASAL OXYGEN CANNULA TWIN, 160CM PAEDIATRIC       ",1,V,1450,0,NA,NA,NA,2
311240,"NASAL OXYGEN CANNULA TWIN, 200CM ADULT            ",1,V,1800,0,0,1,1,5
404425,"NEEDLE LUMBAR PUNCTURE,25G X 90MM",1,V,2400,0,9,11,16,1
302155,"SET BLOOD TRANSFUSION, Y-SITE 10DROPS/ML",1,V,700,0,30,12,31,5
302146,"SET INFUSION ADULT, 15-20 DROPS/ML, + NEEDLE 21G",1,V,500,100,508,155,405,50
302151,"SET INFUSION PAEDIATRIC, BURETTE 100ML",1,V,1850,5,7,12,19,5
308002,SYRINGE DISP. HYPODERMIC LUER INSULIN 100IU/1ML,100,V,17500,1,1,1,1,3
301021,CREPE BANDAGE 6 INCH ROLL,1,V,1850,10,3,3,4,25
301033,"PLASTER OF PARIS (POP) 6"", ROLL",1,V,3850,0,1,1,0,1
301031,"PLASTER OF PARIS (POP) 8"", ROLL",1,V,3850,0,1,1,0,1
301195,WOOL COTTON B.P. 500G,1,V,9250,20,32,15,40,28
303025,BLADES SCALPEL SIZE 22,100,V,24250,1,5,1,6,1
302668,CATHETER SUCTION FG 8 OD 2.7MM,1,V,550,0,NA,NA,NA,2
302672,CATHETER SUCTION FG 12  OD 4MM,1,V,350,0,0,0,0,2
302676,CATHETER SUCTION FG 16 OD 5.3MM,1,V,400,NA,NA,NA,NA,2
302674,CATHETER SUCTION FG 18  OD 4MM,1,V,400,0,0,0,1,1
302675,CATHETER SUCTION FG 20  OD 4MM,1,V,700,0,0,0,0,2
302708,"CATHETER URETHRAL FOLEY 3-5ML FG8, 2-WAY",1,V,550,NA,NA,NA,NA,2
302710,"CATHETER URETHRAL FOLEY, 3-5ML, FG10 2-WAY",1,V,1500,0,NA,NA,NA,2
302714,"CATHETER URETHRAL FOLEY, 10-30ML, FG14 2-WAY",1,V,1250,0,1,1,1,1
302715,"CATHETER URETHRAL FOLEY, 10-30ML, FG16 2-WAY",1,V,1300,20,9,9,12,2
302716,"CATHETER URETHRAL FOLEY, 10-30ML, FG18 2-WAY",1,V,1300,10,7,10,11,2
302724,"CATHETER URETHRAL FOLEY, 10-30ML, FG24 2-WAY",1,V,1650,0,NA,NA,NA,5
302252,NASOGASTRIC TUBE - ADULT 16,1,V,750,0,0,2,1,2
302253,NASOGASTRIC TUBE - ADULT 18,1,V,750,0,0,1,1,2
302254,NASOGASTRIC TUBE - ADULT 20,1,V,750,0,0,1,0,2
302255,NASOGASTRIC TUBE - ADULT 22,1,V,650,0,NA,NA,NA,0
302257,NASOGASTRIC TUBE - PAED - 5,1,V,450,0,0,2,0,2
302259,NASOGASTRIC TUBE - PAED - 8,1,V,750,0,0,2,0,2
302778,TRACHEOSTOMY TUBES CUFFED 7.0 MM,1,V,9600,NA,NA,NA,NA,0
302779,TRACHEOSTOMY TUBES CUFFED 7.5 MM,1,V,9750,NA,NA,NA,NA,0
311115,TUBE ENDOTRACHEAL ORAL/NASAL PLASTIC CUFFED 6.5MM,1,V,2150,2,7,1,10,0
311052,TUBE ENDOTRACHEAL ORAL/NASAL PLASTIC CUFFED 7.5MM,1,V,2150,0,6,0,2,0
302070,"GLOVES EXAMINATION LATEX, MEDIUM NON-STERILE",100,V,10300,25,114,25,64,41
302095,GLOVES SURGEON  7 1/2 STERILE,50,V,37300,10,35,14,37,17
207008,CHLORHEXIDINE GLUCONATE 20% SCRUB  WITH DISPENSER,1,V,8100,5,12,5,18,15
207001,FORMALDEHYDE SOLUTION(FORMALIN) (36-38)% 5L           ,1,V,43750,1,NA,NA,NA,1
207011,"LIQUID SOAP DETERGENT FOR HOSPITAL USE, 20LTR JERICAN ",1,V,24100,4,NA,NA,NA,5
207017,SODIUM HYPOCHLORITE  6%  5L BOTTLE,1,V,34950,3,NA,NA,NA,15
370732,BIN LINERS (12L BLACK)                                 ,100,V,34200,0,NA,NA,NA,1
370733,BIN LINERS (12L BROWN)                                 ,100,V,33700,0,NA,NA,NA,0
370734,BIN LINERS (12L RED)                                   ,100,V,34050,0,NA,NA,NA,1
370735,BIN LINERS (12L YELLOW)                                ,100,V,33950,0,NA,NA,NA,1
304098,SAFETY BOX FOR SYRINGES & NEEDLE DISPOSAL,25,V,31900,1,NA,NA,NA,5
301003,"NYLON MONOFILAMENT G2/0, SL 45CM,3/8 CIRCLE,RC, 26MM",12,V,41950,0,2,1,2,7
360018,OUTPATIENT REGISTER BOOK - 200PGS,1,V,22250,NA,NA,NA,NA,2
360043,PRESCRIPTION AND DISPENSING LOG BOOK - 200PGS,1,V,33450,NA,NA,NA,NA,5
370120,REQUISITION AND ISSUE VOUCHER BOOK MF124,1,V,25100,1,NA,NA,NA,3
370129,STOCK CARD (HMIS 015),50,V,13000,1,NA,NA,NA,2
310018,"ULTRASOUND GEL WATER SOLUBLE, 5L",1,V,50000,0,NA,NA,NA,0
310049,ULTRASOUND GEL 250ML,1,V,4350,NA,NA,NA,NA,0
310001,ULTRASOUND SONOGRAPHY PAPER | (THERMAL HIGH DENSITY),1,V,68150,0,NA,NA,NA,0
370720,BINS (PLASTIC)-BLACK                              ,1,V,446250,0,NA,NA,NA,1
370730,BINS (PLASTIC)-RED                                ,1,V,285850,0,NA,NA,NA,1
370728,BINS (PLASTIC)-YELLOW                             ,1,V,285850,0,NA,NA,NA,1
320070,GOGGLES/SAFETY GLASSES OPERATION THEATRE          ,1,V,21100,0,NA,NA,NA,2
390391,"AUTOCLAVE MARKING TAPES, ROLL, 50M, 18MM WIDE",1,V,7550,0,NA,NA,NA,1
130009,"OXYGEN REGULATOR, CYLINDER MOUNTED",1,V,344650,NA,NA,NA,NA,1
220322,TRAMADOL 50MG CAPSULES,100,N,6000,1,NA,NA,NA,5
220010,ACETYLSALICYLIC ACID 300 MG,1000,N,14000,NA,NA,NA,NA,0
151142,CALCIUM LACTATE 300MG TABLETS,1000,N,10350,2,NA,NA,NA,1
220155,CHLORPROMAZINE 100MG TABLET,1000,N,67100,NA,NA,NA,NA,5
223007,CODEINE PHOSPHATE 30MG TABLETS,100,N,26050,NA,NA,NA,NA,1
220927,IMIPRAMINE 25 MG TABLET,100,N,10300,NA,NA,NA,NA,1
220417,MULTIVITAMIN TABLET,1000,N,8350,10,NA,NA,NA,7
205101,"NYSTATIN 100,000 IU ORAL SUSPENSION,30ML          ",1,N,2000,5,25,6,4,2
220570,SALBUTAMOL 4MG TABLET,1000,N,6400,1,NA,NA,NA,1
215015,AMINOPHYLLINE 250MG/10ML INJ. SLOW IV INFUSION,1,N,350,4,66,16,38,1
202009,ATROPINE 1% EYE DROPS,1,N,11150,5,NA,NA,NA,25
202007,BETAMETHASONE SODIUM PHOSPHATE 0.1% EYE DROPS 10ML,1,N,900,10,NA,NA,NA,7
202019,CIPROFLOXACIN 0.3% EYE DROPS 10ML,1,N,6500,NA,NA,NA,NA,10
202008,"HYDROCORTISONE ACETATE EYE SUSPENSION DROPS 1%W/V, 5ML ",1,N,3600,NA,NA,NA,NA,5
201020,BETAMETHASONE VALERATE 0.1% CREAM 15G             ,1,N,1450,10,NA,NA,NA,20
201117,SILVER SULPHADIAZINE CREAM 1% 500G,1,N,5700,1,NA,NA,NA,1
205102,MICONAZOLE 2% ORAL GEL 20G TUBE,1,N,3450,NA,NA,NA,NA,1
302622,"CANNULA I.V, WITH INJ. PORT & STOPPER 22G, 0.7MM",100,N,39450,1,3,2,1,3
301090,"BANDAGE COTTON W.O.W. HYDROPHILIC, 75MM X 4M",1,N,450,0,5,5,7,0
301175,"PLASTER ADHESIVE ZINC OXIDE, 75MM X 5M",1,N,5600,20,94,21,88,25
311105,TUBE ENDOTRACHEAL ORAL/NASAL PLASTIC CUFFED 5 MM,1,N,1650,0,0,0,0,0
311054,TUBE ENDOTRACHEAL ORAL/NASAL PLASTIC PLAIN 2.5MM  ,1,N,1450,0,0,0,0,0
311060,TUBE ENDOTRACHEAL ORAL/NASAL PLASTIC PLAIN 3.5MM,1,N,1450,0,0,0,0,0
311065,TUBE ENDOTRACHEAL ORAL/NASAL PLASTIC PLAIN 4MM,1,N,1450,0,0,0,0,0
311075,TUBE ENDOTRACHEAL ORAL/NASAL PLASTIC PLAIN 5MM,1,N,1450,0,NA,NA,NA,0
302068,"GYNAECOLOGICAL GLOVES S-8, HYPOALLERGIC LATEX",1,N,3200,0,NA,NA,NA,5
351444,ALCOHOL HANDSCRUB 60ML (POCKET SIZE),1,N,4650,NA,NA,NA,NA,5
351497,ALCOHOL HANDSCRUB DISINFECTANT 1L,1,N,6400,NA,NA,NA,NA,5
207012,POVIDONE IODINE SCRUB 7.5% 500ML BOTTLE,1,N,14400,NA,NA,NA,NA,0
207016,SURGICAL SPIRIT 100MLS,1,N,1850,0,NA,NA,NA,10
301006,"PGA G2  SL 90 CM,1/2 CIRCLE, TH, 40MM",12,N,70600,1,2,2,2,9
360135,ULTRA SOUND ENVELOPES 11 X 22CM KHAKI ,100,N,3800,NA,NA,NA,NA,0
360136,"ULTRA SOUND REQUEST FORM, HF 312(C) (BOOKLET OF 200 PAGES)",1,N,4550,NA,NA,NA,NA,0
360137,ULTRASOUND REPORT (BOOKLET OF 200 PAGES),1,N,7050,NA,NA,NA,NA,0
370725,MATERIAL FOR THEATRE GOWN(NAVY BLUE) 50M ROLL     ,1,N,729000,0,NA,NA,NA,1
370723,MATERIAL FOR THEATRE GOWN(SKY BLUE) 40M ROLL      ,1,N,583200,0,NA,NA,NA,0
201005,ACICLOVIR 5% TOPICAL CREAM,1,E,1750,10,NA,NA,NA,10
220928,ACETYLSALICYLIC ACID 75MG SR OR TABLET (CARDIOASPIRIN),100,E,6650,NA,NA,NA,NA,1
220016,ACICLOVIR 200MG TABLET,100,E,8000,10,NA,,NA,4
220060,BENDROFLUAZIDE 5MG TABLET,1000,E,25100,NA,NA,NA,NA,1
220571,BISACODYL 5MG TABLETS,100,E,1850,1,5,1,3,1
220012,CHARCOAL ACTIVATED 250MG TABLET,100,E,8250,1,0,1,1,1
220140,CHLOROQUINE 150MG BASE TABLET,1000,E,63400,NA,NA,NA,NA,0
220145,CHLORPHENAMINE MALEATE 4MG TABLET,1000,E,6400,2,0,4,0,9
220187,CLOXACILLIN 250MG CAPSULES,100,E,6200,NA,NA,NA,NA,10
220022,DEXAMETHASONE 0.5MG TABLETS,1000,E,11550,3,NA,NA,NA,3
220207,DICLOFENAC SODIUM 50MG ENTERIC COATED TABLET,100,E,1100,30,NA,NA,NA,37
220201,DIGOXIN 250MCG (0.25MG)TABLETS,1000,E,91800,NA,NA,NA,NA,1
220266,FOLIC ACID 5MG TABLET,1000,E,10650,2,9,4,10,1
220270,FUROSEMIDE 40MG TABLET,1000,E,11450,1,0,1,0,3
220276,GLIBENCLAMIDE TABLETS BP 5MG TABLET,100,E,2350,10,9,14,8,5
220289,GRISEOFULVIN 500MG TABLET,100,E,22450,10,NA,NA,NA,7
220302,HALOPERIDOL TABLETS 5MG,100,E,18900,NA,NA,NA,NA,5
220320,IBUPROFEN 200MG TABLET,1000,E,14900,10,3,6,4,16
220385,MAGNESIUM TRISILICATE COMP 250+120MG TABLET,1000,E,10800,5,NA,NA,NA,9
220391,MEBENDAZOLE 100MG TABLETS,1000,E,29000,NA,NA,NA,NA,2
220526,METHYLDOPA 250MG TABLETS,100,E,13300,NA,NA,NA,NA,0
220572,METOCLOPRAMIDE 10MG TABLETS,1000,E,11300,NA,NA,NA,NA,0
220432,NIFEDIPINE 10MG TABLET,100,E,11250,0,NA,NA,NA,7
220434,NIFEDIPINE RETARD 20MG TABLET,100,E,2350,20,25,13,24,8
220445,NITROFURANTOIN 100MG TABLET,1000,E,16450,NA,NA,NA,NA,1
220460,PARACETAMOL 500MG TABLETS,1000,E,12850,35,74,26,43,44
220494,PREDINISOLONE 5MG TABLET,1000,E,25200,2,0,2,0,1
220520,PROMETHAZINE HCL 25MG TABLET,1000,E,10250,1,NA,NA,NA,0
220525,PROPRANOLOL 40MG TABLET,1000,E,13450,1,1,1,1,1
220405,PYRIDOXINE 25MG TABLETS                           ,1000,E,6450,1,NA,NA,NA,1
220551,QUININE SULPHATE 300MG  TABLET,1000,E,159700,1,NA,NA,NA,0
220069,SODIUM VALPROATE 300MG TABS,100,E,30000,NA,NA,NA,NA,0
215439,AMPICILLINE/CLOXACILINE 250MG/250MG INJECTION,100,E,69300,1,2,2,2,1
215030,ATROPINE 1MG/1ML INJ IV/IM,100,E,13600,1,0,1,0,1
215055,CHLORAMPHENICOL SODIUM SUCCINATE 1G INJECTION,50,E,78600,1,NA,NA,NA,1
215080,CHLORPROMAZINE HCL 50MG/2ML INJ DEEP IM,100,E,52950,1,1,1,0,1
215085,CLOXACILLIN 500MG INJ (PFR) IV/IM,50,E,21450,NA,NA,NA,NA,1
215180,FLUPHENAZINE 25MG/ML INJECTION,10,E,58350,NA,NA,NA,NA,0
215355,METOCLOPRAMIDE 10MG/2ML INJECTION,100,E,15300,1,NA,NA,NA,1
215026,NEOSTIGMINE 0.5MG/ML AMPOULE,10,E,52500,NA,NA,NA,NA,0
215035,"PENICILLIN, BENZATHINE BENZYL 2.4MU/1.44G AMPOULE",10,E,7850,5,1,4,3,9
215022,PROMETHAZINE INJECTION 25MG/ML 2ML AMP            ,10,E,2100,NA,NA,NA,NA,0
216040,SODIUM (RINGERS) LACTATE COMPOUND INFUSION,24,E,25950,1,4,3,4,3
215890,VITAMIN K1 (PHYTOMENADIONE) 10MG/ML INJ IM,1,E,650,10,NA,NA,NA,50
202044,BETAMETHASONE+NEOMYCIN 0.1%+0.5% EYE DROPS 10ML,1,E,950,20,NA,NA,NA,42
202021,CHLORAMPHENICOL 0.5% EYE DROPS 10ML,1,E,450,10,NA,NA,NA,10
203009,CHLORAMPHENICOL 5% EAR DROPS 10ML,1,E,750,10,NA,NA,NA,4
202020,CHLORAMPHENICOL  0.5% EYE OINTMENT,1,E,1250,NA,NA,NA,NA,0
202033,GENTAMYCIN 0.3% EYE/EAR DROP,1,E,450,50,NA,NA,NA,43
220179,DICLOFENAC SODIUM SUPPOSITORIES 50MG ,5,E,8200,NA,NA,NA,NA,1
220178,PARACETAMOL 125MG SUPPOSITORIES                   ,5,E,5300,NA,NA,NA,NA,1
201034,CLOTRIMAZOLE 1% TOPICAL CREAM,1,E,750,50,NA,NA,NA,69
302010,"BAG URINE DISPOSABLE 2L, WITH OUTLET",1,E,2200,5,19,11,20,13
302620,"CANNULA I.V, WITH INJ. PORT & STOPPER 20G, 0.9MM",100,E,39600,1,4,1,2,2
301611,DISPOSABLE SYRINGES 20ML WITH DETACHABLE NEEDLE,100,E,55750,0,0,0,0,1
308160,"SYRINGE DISPOSABLE 60ML,                          ",1,E,900,NA,NA,NA,NA,2
301105,GAUZE W.O.W HYDROPHILIC 90CM X 50M,1,E,35600,5,36,9,53,8
303030,BLADES SCALPEL SIZE 24,100,E,24350,2,0,1,0,1
302677,"CATHETER FOLEY 3 WAYS CH 14, LATEX",1,E,1950,NA,NA,NA,NA,0
302718,"CATHETER FOLEY 3 WAYS CH 16, LATEX",1,E,3600,0,NA,NA,NA,0
302678,"CATHETER FOLEY 3 WAYS CH 18, LATEX",1,E,1950,NA,NA,NA,NA,0
302763,"CATHETER FOLEY 3 WAYS CH 20, LATEX",1,E,2150,NA,NA,NA,NA,0
302764,"CATHETER FOLEY 3 WAYS CH 22, LATEX",1,E,2400,0,NA,NA,NA,0
302765,"CATHETER FOLEY 3 WAYS CH 24, LATEX",1,E,2450,0,NA,NA,NA,0
302666,CATHETER SUCTION FG 6 OD 2MM,1,E,400,NA,NA,NA,NA,0
302673,CATHETER SUCTION FG 14  OD 4MM,1,E,800,0,0,0,0,0
302712,"CATHETER URETHRAL FOLEY, 10-30ML, FG12 2-WAY",1,E,1300,0,0,1,1,0
302722,"CATHETER URETHRAL FOLEY, 10-30ML, FG22 2-WAY",1,E,1600,0,1,2,1,0
302251,NASOGASTRIC TUBE - ADULT 14,1,E,750,0,0,1,0,0
302256,NASOGASTRIC TUBE - PAED - 10,1,E,750,0,0,1,0,2
302258,NASOGASTRIC TUBE - PAED - 6,1,E,750,0,0,1,0,0
302260,NASOGASTRIC TUBE - PAED - 9,1,E,400,0,0,1,0,0
302261,NASOGASTRIC TUBE - PEAD - 4,1,E,750,0,0,1,0,0
311053,TUBE ENDOTRACHEAL ORAL/NASAL PLASTIC CUFFED 5.5 MM      ,1,E,1850,0,0,0,0,0
311110,TUBE ENDOTRACHEAL ORAL/NASAL PLASTIC CUFFED 6MM,1,E,1900,0,0,0,0,0
311120,TUBE ENDOTRACHEAL ORAL/NASAL PLASTIC CUFFED 7MM,1,E,2400,0,6,0,7,0
311130,TUBE ENDOTRACHEAL ORAL/NASAL PLASTIC CUFFED 8MM,1,E,1900,0,5,0,2,0
311056,TUBE ENDOTRACHEAL ORAL/NASAL PLASTIC PLAIN 3MM    ,1,E,1450,0,0,0,0,0
311070,TUBE ENDOTRACHEAL ORAL/NASAL PLASTIC PLAIN 4.5MM  ,1,E,1350,0,0,0,0,0
311080,TUBE ENDOTRACHEAL ORAL/NASAL PLASTIC PLAIN 6MM,1,E,1450,0,NA,NA,NA,0
302205,TUBE FEEDING PREMATURE DISP. FG6X 30/40CM OD 2MM,1,E,750,0,NA,NA,NA,0
302118,"GLOVES HEAVY DUTY, HOUSEHOLD 8 MEDIUM",1,E,10800,1,NA,NA,NA,5
302069,"GYNAECOLOGICAL GLOVES S-7 1/2"", HYPOALLERGIC LATEX",1,E,2450,0,NA,NA,NA,10
351412,ALCOHOL 95% NOT DENATURATED 20 LTR,1,E,228450,0,NA,NA,NA,0
351496,ALCOHOL HANDSCRUB DISINFECTANT 20L JERRYCAN,1,E,245250,NA,NA,NA,NA,0
207145,HYDROGEN PEROXIDE 6% SOLUTION 200ML                   ,1,E,1100,5,9,6,8,20
207075,"POLYVIDONE-IODINE 10% SOLUTION, BOTTLE 200ML     ",1,E,3500,5,5,5,6,10
320011,APRON PLASTIFIED LINEN HEAVY DUTY 90 X 100 CM     ,1,E,4450,0,NA,NA,NA,15
320009,APRON PROTECTIVE DISPOSABLE 90 X 100CM (50 PIECES),1,E,40200,0,NA,NA,NA,10
370727,BIN LINERS(BLACK)                                 ,100,E,128450,1,NA,NA,NA,1
370712,BIN LINERS(BROWN)                                 ,100,E,129750,0,NA,NA,NA,0
370713,BIN LINERS(RED)                                   ,100,E,128350,1,NA,NA,NA,1
370721,BIN LINERS(YELLOW)                                ,100,E,128350,0,NA,NA,NA,1
320040,CAP SURGICAL HEAD & NECK DISPOSABLE NON-WOVEN     ,100,E,13250,0,NA,NA,NA,1
320060,"FACE MASKS, DISPOSABLE, 2-PLY OPERATION THEATRE   ",100,E,9050,2,NA,NA,NA,1
301009,"NYLON MONOFILAMENT G2, SL 100CM,1/2 CIRCLE,RC,40MM",12,E,39750,NA,NA,NA,NA,0
301002,"NYLON MONOFILAMENT G1, SL 100CM,1/2 CIRCLE,RC,40MM",12,E,39750,1,2,1,2,5
301005,"PGA G1  SL 90 CM,1/2 CIRCLE, TH, 40MM",12,E,75050,1,2,1,2,0
404162,SPECULUM VAGINAL (PLASTIC DISPOSABLE) - LARGE     ,1,E,5500,0,NA,NA,NA,0
404163,SPECULUM VAGINAL (PLASTIC DISPOSABLE) - MEDIUM    ,1,E,5550,0,NA,NA,NA,0
404164,SPECULUM VAGINAL (PLASTIC DISPOSABLE) - SMALL     ,1,E,5500,0,NA,NA,NA,0
404431,PAP SMEAR KITS,12,E,194400,NA,NA,NA,NA,1
404010,"LARYNGOSCOPE CELLS AA, PAIR",1,E,1450,NA,NA,NA,NA,0
404011,"LARYNGOSCOPE CELLS AAA, PAIR",1,E,1300,NA,NA,NA,NA,0
404014,"LARYNGOSCOPE DURA CELLS SIZE C, PAIR",1,E,18400,NA,NA,NA,NA,0
320031,"BOOTS THEATRE WHITE, ANTISTATIC SIZE 10",1,E,39850,1,NA,NA,NA,2
320033,"BOOTS THEATRE WHITE, ANTISTATIC SIZE 12",1,E,39850,0,NA,NA,NA,2
320028,"BOOTS THEATRE WHITE, ANTISTATIC SIZE 7",1,E,39850,1,NA,NA,NA,0
320029,"BOOTS THEATRE WHITE, ANTISTATIC SIZE 8",1,E,39850,0,NA,NA,NA,0
320030,"BOOTS THEATRE WHITE, ANTISTATIC SIZE 9",1,E,39850,1,NA,NA,NA,2
370729,BINS (PLASTIC)-BROWN                              ,1,E,285850,0,NA,NA,NA,0
370724,MATERIAL FOR THEATRE GOWN(GREEN) 40M ROLLS        ,1,E,583200,0,NA,NA,NA,1
220039,AMPICILLIN/CLOXACILLIN   250MG/250MG CAPSULES,100,,10300,10,NA,NA,NA,17
205007,ERYTHROMYCIN  125MG/ML SUSPENSION,1,,2300,5,NA,NA,NA,12
205097,PARACETAMOL 125MG/ML SUSPENSION,1,,1400,0,NA,NA,NA,0
216081,"DARROWS SOLUTION (HALF STRENGTH),500ML INFUSION VIAL",24,,31150,1,NA,NA,NA,1
225068,LUBRICATING JELLY 42G,1,,4100,1,NA,NA,NA,1
302156,BLOOD TRANSFER BAG 300ML,1,,5100,0,NA,NA,NA,6
311055,TUBE ENDOTRACHEAL ORAL/NASAL PLASTIC PLAIN 2MM,1,,1450,0,0,0,0,0
304291,"SHEETING MCINTOSH RED RUBBER,20M ROLL, 90 CM WIDE",1,,138600,NA,NA,NA,NA,1
